Date,High,Low,Open,Close,Volume,Adj Close,Currency
2019-01-01,1.2756729125976562,1.2714558839797974,1.275022268295288,1.2738043069839478,0.0,1.2738043069839478,GBP
2019-01-02,1.2773349285125732,1.2584631443023682,1.2752337455749512,1.2754288911819458,0.0,1.2754288911819458,GBP
2019-01-03,1.2638230323791504,1.251877784729004,1.251877784729004,1.2521913051605225,0.0,1.2521913051605225,GBP
2019-01-04,1.2739664316177368,1.261781930923462,1.2628973722457886,1.2628813982009888,0.0,1.2628813982009888,GBP
2019-01-07,1.2787723541259766,1.2724264860153198,1.2732852697372437,1.2734960317611694,0.0,1.2734960317611694,GBP
2019-01-08,1.2792304754257202,1.2714881896972656,1.2786905765533447,1.278608798980713,0.0,1.278608798980713,GBP
2019-01-09,1.2802950143814087,1.271779179573059,1.2738852500915527,1.2737879753112793,0.0,1.2737879753112793,GBP
2019-01-10,1.2801146507263184,1.273058295249939,1.2799508571624756,1.279967188835144,0.0,1.279967188835144,GBP
2019-01-11,1.2837464809417725,1.2716660499572754,1.275835633277893,1.2753963470458984,0.0,1.2753963470458984,GBP
2019-01-14,1.2927746772766113,1.2821005582809448,1.2849836349487305,1.2849836349487305,0.0,1.2849836349487305,GBP
2019-01-15,1.2916558980941772,1.2756240367889404,1.2876144647598267,1.2874983549118042,0.0,1.2874983549118042,GBP
2019-01-16,1.2895737886428833,1.2827255725860596,1.287282943725586,1.2872166633605957,0.0,1.2872166633605957,GBP
2019-01-17,1.2939958572387695,1.2836146354675293,1.2884771823883057,1.2885768413543701,0.0,1.2885768413543701,GBP
2019-01-18,1.299376368522644,1.2892080545425415,1.298296570777893,1.2983977794647217,0.0,1.2983977794647217,GBP
2019-01-21,1.2910722494125366,1.2831699848175049,1.2853471040725708,1.2853471040725708,0.0,1.2853471040725708,GBP
2019-01-22,1.296714186668396,1.2855949401855469,1.2892745733261108,1.2891747951507568,0.0,1.2891747951507568,GBP
2019-01-23,1.3080273866653442,1.2945822477340698,1.2956725358963013,1.2957731485366821,0.0,1.2957731485366821,GBP
2019-01-24,1.3095861673355103,1.301371693611145,1.3083182573318481,1.308215618133545,0.0,1.308215618133545,GBP
2019-01-25,1.3176618814468384,1.3063528537750244,1.3112174272537231,1.3121638298034668,0.0,1.3121638298034668,GBP
2019-01-28,1.3210039138793945,1.3138705492019653,1.3207770586013794,1.3208470344543457,0.0,1.3208470344543457,GBP
2019-01-29,1.3196616172790527,1.3131458759307861,1.3159972429275513,1.3160146474838257,0.0,1.3160146474838257,GBP
2019-01-30,1.311991572380066,1.3058068752288818,1.3080615997314453,1.30804443359375,0.0,1.30804443359375,GBP
2019-01-31,1.3160665035247803,1.3101180791854858,1.311681866645813,1.3117163181304932,0.0,1.3117163181304932,GBP
2019-02-01,1.311475396156311,1.3045804500579834,1.3109252452850342,1.3109424114227295,0.0,1.3109424114227295,GBP
2019-02-04,1.3098777532577515,1.3042230606079102,1.3078563213348389,1.3077365159988403,0.0,1.3077365159988403,GBP
2019-02-05,1.3051422834396362,1.2929919958114624,1.3030844926834106,1.3031013011932373,0.0,1.3031013011932373,GBP
2019-02-06,1.297858476638794,1.2929919958114624,1.2958402633666992,1.2957228422164917,0.0,1.2957228422164917,GBP
2019-02-07,1.2994775772094727,1.2856279611587524,1.2934435606002808,1.2934435606002808,0.0,1.2934435606002808,GBP
2019-02-08,1.2976900339126587,1.2924572229385376,1.29490065574646,1.2949174642562866,0.0,1.2949174642562866,GBP
2019-02-11,1.2939958572387695,1.2860082387924194,1.293727993965149,1.293677806854248,0.0,1.293677806854248,GBP
2019-02-12,1.2896569967269897,1.283433437347412,1.2864713668823242,1.2864052057266235,0.0,1.2864052057266235,GBP
2019-02-13,1.295706033706665,1.2860909700393677,1.28909170627594,1.2892080545425415,0.0,1.2892080545425415,GBP
2019-02-14,1.2878466844558716,1.277400255203247,1.2856775522232056,1.2856775522232056,0.0,1.2856775522232056,GBP
2019-02-15,1.2859750986099243,1.2786579132080078,1.2799180746078491,1.2798361778259277,0.0,1.2798361778259277,GBP
2019-02-18,1.293727993965149,1.2893908023834229,1.2903226613998413,1.290555715560913,0.0,1.290555715560913,GBP
2019-02-19,1.304665446281433,1.2896569967269897,1.2922735214233398,1.2924071550369263,0.0,1.2924071550369263,GBP
2019-02-20,1.3085408210754395,1.301371693611145,1.306165099143982,1.3061310052871704,0.0,1.3061310052871704,GBP
2019-02-21,1.3092432022094727,1.3027619123458862,1.3043931722640991,1.30451238155365,0.0,1.30451238155365,GBP
2019-02-22,1.3080615997314453,1.2972187995910645,1.3040870428085327,1.3041380643844604,0.0,1.3041380643844604,GBP
2019-02-25,1.3095861673355103,1.3057047128677368,1.3064382076263428,1.306557536125183,0.0,1.306557536125183,GBP
2019-02-26,1.3280211687088013,1.3123359680175781,1.312663197517395,1.31271493434906,0.0,1.31271493434906,GBP
2019-02-27,1.3348817825317383,1.3234516382217407,1.3261016607284546,1.3258028030395508,0.0,1.3258028030395508,GBP
2019-02-28,1.3320900201797485,1.32650625705719,1.331611156463623,1.3318239450454712,0.0,1.3318239450454712,GBP
2019-03-01,1.3286387920379639,1.3214752674102783,1.3264886140823364,1.3264886140823364,0.0,1.3264886140823364,GBP
2019-03-04,1.325486421585083,1.3168984651565552,1.323784351348877,1.3239772319793701,0.0,1.3239772319793701,GBP
2019-03-05,1.3197312355041504,1.3099464178085327,1.3178702592849731,1.3178529739379883,0.0,1.3178529739379883,GBP
2019-03-06,1.3170892000198364,1.3125942945480347,1.3156163692474365,1.3156682252883911,0.0,1.3156682252883911,GBP
2019-03-07,1.3187392950057983,1.3089348077774048,1.3180092573165894,1.3182177543640137,0.0,1.3182177543640137,GBP
2019-03-08,1.3108049631118774,1.3005930185317993,1.3092432022094727,1.3092432022094727,0.0,1.3092432022094727,GBP
2019-03-11,1.3097577095031738,1.2962266206741333,1.298414707183838,1.2988362312316895,0.0,1.2988362312316895,GBP
2019-03-12,1.324591040611267,1.3010668754577637,1.324591040611267,1.3248542547225952,0.0,1.3248542547225952,GBP
2019-03-13,1.3230488300323486,1.3064721822738647,1.3064721822738647,1.3066771030426025,0.0,1.3066771030426025,GBP
2019-03-14,1.3331555128097534,1.3211086988449097,1.3284269571304321,1.3285682201385498,0.0,1.3285682201385498,GBP
2019-03-15,1.3296104669570923,1.3207248449325562,1.3257324695587158,1.3258554935455322,0.0,1.3258554935455322,GBP
2019-03-18,1.3299640417099,1.3131976127624512,1.3297518491744995,1.329716444015503,0.0,1.329716444015503,GBP
2019-03-19,1.330866813659668,1.324275255203247,1.326435923576355,1.326435923576355,0.0,1.326435923576355,GBP
2019-03-20,1.3269639015197754,1.3149935007095337,1.3269110918045044,1.3271400928497314,0.0,1.3271400928497314,GBP
2019-03-21,1.3229262828826904,1.306796669960022,1.3206549882888794,1.320533037185669,0.0,1.320533037185669,GBP
2019-03-22,1.322209119796753,1.3084039688110352,1.3130252361297607,1.313232183456421,0.0,1.313232183456421,GBP
2019-03-25,1.3245735168457031,1.3162916898727417,1.3206549882888794,1.3206549882888794,0.0,1.3206549882888794,GBP
2019-03-26,1.3261544704437256,1.316482424736023,1.3208119869232178,1.3215277194976807,0.0,1.3215277194976807,GBP
2019-03-27,1.3246086835861206,1.3167943954467773,1.321038842201233,1.321143627166748,0.0,1.321143627166748,GBP
2019-03-28,1.3199577331542969,1.3076339960098267,1.3152875900268555,1.3152703046798706,0.0,1.3152703046798706,GBP
2019-03-29,1.3128355741500854,1.2980438470840454,1.3054147958755493,1.30565345287323,0.0,1.30565345287323,GBP
2019-03-31,1.3147860765457153,1.3011515140533447,1.30218505859375,1.3022867441177368,0.0,1.3022867441177368,GBP
2019-04-01,1.3083868026733398,1.301676630973816,1.3069332838058472,1.3068991899490356,0.0,1.3068991899490356,GBP
2019-04-02,1.3196094036102295,1.3123877048492432,1.3125426769256592,1.312766671180725,0.0,1.312766671180725,GBP
2019-04-03,1.319087266921997,1.3068478107452393,1.3178355693817139,1.3176966905593872,0.0,1.3176966905593872,GBP
2019-04-04,1.3119399547576904,1.300576090812683,1.3073433637619019,1.3077024221420288,0.0,1.3077024221420288,GBP
2019-04-07,1.3071895837783813,1.3035260438919067,1.3037129640579224,1.3038150072097778,0.0,1.3038150072097778,GBP
2019-04-08,1.3116645812988281,1.303407073020935,1.3061821460723877,1.306335687637329,0.0,1.306335687637329,GBP
2019-04-09,1.3103927373886108,1.3049379587173462,1.3053126335144043,1.305721640586853,0.0,1.305721640586853,GBP
2019-04-10,1.3109596967697144,1.3064382076263428,1.3097577095031738,1.3099292516708374,0.0,1.3099292516708374,GBP
2019-04-11,1.3130252361297607,1.3051422834396362,1.3054660558700562,1.3056023120880127,0.0,1.3056023120880127,GBP
2019-04-14,1.311991572380066,1.3080615997314453,1.3084723949432373,1.3083868026733398,0.0,1.3083868026733398,GBP
2019-04-15,1.3104442358016968,1.30451238155365,1.3099122047424316,1.3102725744247437,0.0,1.3102725744247437,GBP
2019-04-16,1.306796669960022,1.303186297416687,1.3044612407684326,1.3046314716339111,0.0,1.3046314716339111,GBP
2019-04-17,1.3052444458007812,1.2997647523880005,1.3039339780807495,1.3039339780807495,0.0,1.3039339780807495,GBP
2019-04-18,1.3009991645812988,1.2988699674606323,1.299376368522644,1.2994438409805298,0.0,1.2994438409805298,GBP
2019-04-21,1.3000519275665283,1.2976900339126587,1.299376368522644,1.299376368522644,0.0,1.299376368522644,GBP
2019-04-22,1.3018798828125,1.2929418087005615,1.2981956005096436,1.2981449365615845,0.0,1.2981449365615845,GBP
2019-04-23,1.2963443994522095,1.2916725873947144,1.2938786745071411,1.2938116788864136,0.0,1.2938116788864136,GBP
2019-04-24,1.2916725873947144,1.2867032289505005,1.2903891801834106,1.2904890775680542,0.0,1.2904890775680542,GBP
2019-04-25,1.2943308353424072,1.2888258695602417,1.2897733449935913,1.289607048034668,0.0,1.289607048034668,GBP
2019-04-28,1.2946659326553345,1.2905889749526978,1.2921065092086792,1.2920230627059937,0.0,1.2920230627059937,GBP
2019-04-29,1.3046144247055054,1.2927913665771484,1.2931759357452393,1.2932428121566772,0.0,1.2932428121566772,GBP
2019-04-30,1.3092432022094727,1.3035260438919067,1.304069995880127,1.3039849996566772,0.0,1.3039849996566772,GBP
2019-05-01,1.308010220527649,1.3018969297409058,1.305483102798462,1.3053126335144043,0.0,1.3053126335144043,GBP
2019-05-02,1.3176966905593872,1.299156904220581,1.3031693696975708,1.3033220767974854,0.0,1.3033220767974854,GBP
2019-05-05,1.3150454759597778,1.3082668781280518,1.3150454759597778,1.3150626420974731,0.0,1.3150626420974731,GBP
2019-05-06,1.3129562139511108,1.304206132888794,1.3097405433654785,1.3099292516708374,0.0,1.3099292516708374,GBP
2019-05-07,1.308215618133545,1.299106240272522,1.306830883026123,1.3068820238113403,0.0,1.3068820238113403,GBP
2019-05-08,1.3026090860366821,1.2968318462371826,1.3014055490493774,1.3012022972106934,0.0,1.3012022972106934,GBP
2019-05-09,1.3046314716339111,1.2993087768554688,1.3009822368621826,1.3009653091430664,0.0,1.3009653091430664,GBP
2019-05-12,1.3040870428085327,1.2950851917266846,1.3008975982666016,1.3010668754577637,0.0,1.3010668754577637,GBP
2019-05-13,1.2971850633621216,1.2909221649169922,1.2963947057724,1.2963106632232666,0.0,1.2963106632232666,GBP
2019-05-14,1.2922568321228027,1.2829065322875977,1.2906056642532349,1.2906556129455566,0.0,1.2906556129455566,GBP
2019-05-15,1.2855123281478882,1.2790340185165405,1.2845875024795532,1.2847524881362915,0.0,1.2847524881362915,GBP
2019-05-16,1.2799180746078491,1.2721351385116577,1.2797870635986328,1.2797706127166748,0.0,1.2797706127166748,GBP
2019-05-19,1.2757542133331299,1.2716821432113647,1.2730258703231812,1.2731555700302124,0.0,1.2731555700302124,GBP
2019-05-20,1.2794268131256104,1.268617033958435,1.272782802581787,1.2729123830795288,0.0,1.2729123830795288,GBP
2019-05-22,1.268343448638916,1.2605888843536377,1.2663357257843018,1.2664159536361694,0.0,1.2664159536361694,GBP
2019-05-23,1.2717145681381226,1.2649421691894531,1.2664639949798584,1.2664639949798584,0.0,1.2664639949798584,GBP
2019-05-26,1.2748597860336304,1.2668330669403076,1.2722808122634888,1.2724751234054565,0.0,1.2724751234054565,GBP
2019-05-27,1.2700024843215942,1.26558256149292,1.2680860757827759,1.2682307958602905,0.0,1.2682307958602905,GBP
2019-05-28,1.2669614553451538,1.2612568140029907,1.265982985496521,1.2659670114517212,0.0,1.2659670114517212,GBP
2019-05-29,1.2640626430511475,1.2583998441696167,1.2629451751708984,1.2629451751708984,0.0,1.2629451751708984,GBP
2019-05-30,1.2636473178863525,1.2560131549835205,1.2607001066207886,1.2609704732894897,0.0,1.2609704732894897,GBP
2019-06-02,1.2658227682113647,1.261304497718811,1.2640467882156372,1.2639508247375488,0.0,1.2639508247375488,GBP
2019-06-03,1.2705835103988647,1.2644623517990112,1.2663036584854126,1.2664159536361694,0.0,1.2664159536361694,GBP
2019-06-04,1.2744048833847046,1.2693254947662354,1.2703735828399658,1.2702767848968506,0.0,1.2702767848968506,GBP
2019-06-05,1.2741937637329102,1.2669614553451538,1.2686814069747925,1.2688584327697754,0.0,1.2688584327697754,GBP
2019-06-06,1.2761775255203247,1.2689388990402222,1.269841194152832,1.269841194152832,0.0,1.269841194152832,GBP
2019-06-09,1.2729123830795288,1.2656145095825195,1.2722645998001099,1.2722970247268677,0.0,1.2722970247268677,GBP
2019-06-10,1.2727665901184082,1.2672985792160034,1.2692127227783203,1.2691160440444946,0.0,1.2691160440444946,GBP
2019-06-11,1.27586829662323,1.268842339515686,1.2723132371902466,1.2724426984786987,0.0,1.2724426984786987,GBP
2019-06-12,1.2705672979354858,1.266496181488037,1.269357681274414,1.2693415880203247,0.0,1.2693415880203247,GBP
2019-06-13,1.268391728401184,1.2590177059173584,1.2679896354675293,1.268005609512329,0.0,1.268005609512329,GBP
2019-06-16,1.2605571746826172,1.2555242776870728,1.2594457864761353,1.2596044540405273,0.0,1.2596044540405273,GBP
2019-06-17,1.2560920715332031,1.2507191896438599,1.2540600299835205,1.2541544437408447,0.0,1.2541544437408447,GBP
2019-06-18,1.26385498046875,1.2545477151870728,1.2566444873809814,1.2566603422164917,0.0,1.2566603422164917,GBP
2019-06-19,1.2725722789764404,1.2653743028640747,1.2653743028640747,1.2656625509262085,0.0,1.2656625509262085,GBP
2019-06-20,1.2724426984786987,1.2644941806793213,1.270551085472107,1.2707933187484741,0.0,1.2707933187484741,GBP
2019-06-23,1.276666283607483,1.2711002826690674,1.2750548124313354,1.2750873565673828,0.0,1.2750873565673828,GBP
2019-06-24,1.2783963680267334,1.2712457180023193,1.2739503383636475,1.2739664316177368,0.0,1.2739664316177368,GBP
2019-06-25,1.2706964015960693,1.2664159536361694,1.269083857536316,1.2690677642822266,0.0,1.2690677642822266,GBP
2019-06-26,1.2724264860153198,1.266688585281372,1.2695671319961548,1.269841194152832,0.0,1.269841194152832,GBP
2019-06-27,1.273414969444275,1.2666083574295044,1.26739501953125,1.267748475074768,0.0,1.267748475074768,GBP
2019-06-30,1.270809531211853,1.263296127319336,1.2693737745285034,1.2694543600082397,0.0,1.2694543600082397,GBP
2019-07-01,1.2648621797561646,1.2586374282836914,1.2644143104553223,1.2644623517990112,0.0,1.2644623517990112,GBP
2019-07-02,1.2602394819259644,1.2558870315551758,1.2597631216049194,1.25982666015625,0.0,1.25982666015625,GBP
2019-07-03,1.2592872381210327,1.2570552825927734,1.2583839893341064,1.2582731246948242,0.0,1.2582731246948242,GBP
2019-07-04,1.2587007284164429,1.248299241065979,1.2583364248275757,1.2583048343658447,0.0,1.2583048343658447,GBP
2019-07-07,1.2540757656097412,1.2501249313354492,1.2526148557662964,1.2525520324707031,0.0,1.2525520324707031,GBP
2019-07-08,1.2520345449447632,1.2441215515136719,1.251877784729004,1.2516427040100098,0.0,1.2516427040100098,GBP
2019-07-09,1.252112865447998,1.2445240020751953,1.245733380317688,1.2458575963974,0.0,1.2458575963974,GBP
2019-07-10,1.257228970527649,1.2506252527236938,1.2506252527236938,1.2508130073547363,0.0,1.2508130073547363,GBP
2019-07-11,1.256265640258789,1.2522697448730469,1.2522697448730469,1.2523481845855713,0.0,1.2523481845855713,GBP
2019-07-14,1.2576401233673096,1.2511886358261108,1.257228970527649,1.2571974992752075,0.0,1.2571974992752075,GBP
2019-07-15,1.2520345449447632,1.2397410869598389,1.2520345449447632,1.251799464225769,0.0,1.251799464225769,GBP
2019-07-16,1.2439358234405518,1.2383440732955933,1.2408795356750488,1.2412029504776,0.0,1.2412029504776,GBP
2019-07-17,1.249547004699707,1.242915391921997,1.2435026168823242,1.2434717416763306,0.0,1.2434717416763306,GBP
2019-07-18,1.2554926872253418,1.249640703201294,1.2543903589248657,1.2541857957839966,0.0,1.2541857957839966,GBP
2019-07-21,1.251564383506775,1.2457643747329712,1.2510321140289307,1.2512825727462769,0.0,1.2512825727462769,GBP
2019-07-22,1.2481745481491089,1.2420353889465332,1.247302770614624,1.2474894523620605,0.0,1.2474894523620605,GBP
2019-07-23,1.2521286010742188,1.2429462671279907,1.2437810897827148,1.243904948234558,0.0,1.243904948234558,GBP
2019-07-24,1.251799464225769,1.2465252876281738,1.2485641241073608,1.2485953569412231,0.0,1.2485953569412231,GBP
2019-07-25,1.2459505796432495,1.2377768754959106,1.2453765869140625,1.2453454732894897,0.0,1.2453454732894897,GBP
2019-07-28,1.2383900880813599,1.2215979099273682,1.2377768754959106,1.2376697063446045,0.0,1.2376697063446045,GBP
2019-07-29,1.2220158576965332,1.212106466293335,1.2217471599578857,1.2217471599578857,0.0,1.2217471599578857,GBP
2019-07-30,1.224679708480835,1.2147272825241089,1.2157906293869019,1.2161602973937988,0.0,1.2161602973937988,GBP
2019-07-31,1.2154655456542969,1.2081964015960693,1.2154655456542969,1.215376853942871,0.0,1.215376853942871,GBP
2019-08-01,1.2144912481307983,1.2091752290725708,1.2127238512039185,1.2124298810958862,0.0,1.2124298810958862,GBP
2019-08-04,1.2188136577606201,1.210316777229309,1.2149192094802856,1.215214490890503,0.0,1.215214490890503,GBP
2019-08-05,1.2209714651107788,1.2142847776412964,1.2156133651733398,1.2158203125,0.0,1.2158203125,GBP
2019-08-06,1.2191405296325684,1.212224006652832,1.2172261476516724,1.2169743776321411,0.0,1.2169743776321411,GBP
2019-08-07,1.2183235883712769,1.2097749710083008,1.2141668796539307,1.2143291234970093,0.0,1.2143291234970093,GBP
2019-08-08,1.2147716283798218,1.2057344913482666,1.2144765853881836,1.2143733501434326,0.0,1.2143733501434326,GBP
2019-08-11,1.2100677490234375,1.2019230127334595,1.2021976709365845,1.2021976709365845,0.0,1.2021976709365845,GBP
2019-08-12,1.209760308265686,1.204355001449585,1.2080212831497192,1.207875370979309,0.0,1.207875370979309,GBP
2019-08-13,1.2099945545196533,1.2046741247177124,1.2064181566238403,1.2064181566238403,0.0,1.2064181566238403,GBP
2019-08-14,1.2142553329467773,1.2051095962524414,1.2060399055480957,1.2060399055480957,0.0,1.2060399055480957,GBP
2019-08-15,1.217730164527893,1.208313226699829,1.2092190980911255,1.209160566329956,0.0,1.209160566329956,GBP
2019-08-18,1.2172706127166748,1.2105804681777954,1.2159829139709473,1.2161011695861816,0.0,1.2161011695861816,GBP
2019-08-19,1.2167226076126099,1.2066947221755981,1.212973952293396,1.2131506204605103,0.0,1.2131506204605103,GBP
2019-08-20,1.217581868171692,1.211475133895874,1.216530203819275,1.2162343263626099,0.0,1.2162343263626099,GBP
2019-08-21,1.2269787788391113,1.2109616994857788,1.2131506204605103,1.213224172592163,0.0,1.213224172592163,GBP
2019-08-22,1.2277922630310059,1.2196460962295532,1.225144863128662,1.2251899242401123,0.0,1.2251899242401123,GBP
2019-08-25,1.228380560874939,1.2209415435791016,1.2261964082717896,1.2262415885925293,0.0,1.2262415885925293,GBP
2019-08-26,1.2305269241333008,1.2210012674331665,1.2221651077270508,1.222195029258728,0.0,1.222195029258728,GBP
2019-08-27,1.2289540767669678,1.216367483139038,1.2282146215438843,1.2283201217651367,0.0,1.2283201217651367,GBP
2019-08-28,1.2231069803237915,1.2184572219848633,1.2217471599578857,1.2218515872955322,0.0,1.2218515872955322,GBP
2019-08-29,1.2223743200302124,1.216219425201416,1.2185314893722534,1.218650221824646,0.0,1.218650221824646,GBP
2019-09-01,1.217581868171692,1.203905463218689,1.2159385681152344,1.21592378616333,0.0,1.21592378616333,GBP
2019-09-02,1.2102434635162354,1.1959433555603027,1.2065346240997314,1.2066656351089478,0.0,1.2066656351089478,GBP
2019-09-03,1.222045660018921,1.2086782455444336,1.209189772605896,1.2090436220169067,0.0,1.2090436220169067,GBP
2019-09-04,1.2353304624557495,1.2212995290756226,1.2245447635650635,1.2248897552490234,0.0,1.2248897552490234,GBP
2019-09-05,1.2344155311584473,1.228893756866455,1.2325897216796875,1.2323921918869019,0.0,1.2323921918869019,GBP
2019-09-08,1.2381141185760498,1.2236906290054321,1.228697419166565,1.2283051013946533,0.0,1.2283051013946533,GBP
2019-09-09,1.2375165224075317,1.2308449745178223,1.2346441745758057,1.2345373630523682,0.0,1.2345373630523682,GBP
2019-09-10,1.2371184825897217,1.2322858572006226,1.235315203666687,1.2354830503463745,0.0,1.2354830503463745,GBP
2019-09-11,1.2359259128570557,1.2286370992660522,1.2335171699523926,1.233471393585205,0.0,1.233471393585205,GBP
2019-09-12,1.2470382452011108,1.232863187789917,1.2330456972122192,1.2329391241073608,0.0,1.2329391241073608,GBP
2019-09-15,1.249843716621399,1.2402024269104004,1.249843716621399,1.2497344017028809,0.0,1.2497344017028809,GBP
2019-09-16,1.2495313882827759,1.239464521408081,1.2427300214767456,1.2428536415100098,0.0,1.2428536415100098,GBP
2019-09-17,1.2506252527236938,1.2441370487213135,1.2503125667572021,1.2502655982971191,0.0,1.2502655982971191,GBP
2019-09-18,1.24985933303833,1.2442454099655151,1.247007131576538,1.247053861618042,0.0,1.247053861618042,GBP
2019-09-19,1.2583048343658447,1.2464786767959595,1.2526618242263794,1.2525050640106201,0.0,1.2525050640106201,GBP
2019-09-22,1.2491724491119385,1.2415266036987305,1.2470849752426147,1.2471938133239746,0.0,1.2471938133239746,GBP
2019-09-23,1.2502187490463257,1.2415573596954346,1.2435646057128906,1.243456244468689,0.0,1.243456244468689,GBP
2019-09-24,1.2487823963165283,1.2356815338134766,1.2485953569412231,1.2485953569412231,0.0,1.2485953569412231,GBP
2019-09-25,1.2380834817886353,1.2304966449737549,1.2359259128570557,1.2359564304351807,0.0,1.2359564304351807,GBP
2019-09-26,1.2336541414260864,1.227310061454773,1.2330456972122192,1.2331976890563965,0.0,1.2331976890563965,GBP
2019-09-29,1.2343850135803223,1.2284860610961914,1.229286551475525,1.2293167114257812,0.0,1.2293167114257812,GBP
2019-09-30,1.2313754558563232,1.221060872077942,1.2290599346160889,1.2289994955062866,0.0,1.2289994955062866,GBP
2019-10-01,1.2317850589752197,1.2228676080703735,1.2293167114257812,1.2292261123657227,0.0,1.2292261123657227,GBP
2019-10-02,1.2412645816802979,1.2266929149627686,1.2305269241333008,1.230436086654663,0.0,1.230436086654663,GBP
2019-10-03,1.2357884645462036,1.2277470827102661,1.2339890003204346,1.2342326641082764,0.0,1.2342326641082764,GBP
2019-10-06,1.2338062524795532,1.2289540767669678,1.23350191116333,1.2334411144256592,0.0,1.2334411144256592,GBP
2019-10-07,1.2303149700164795,1.2199287414550781,1.2288786172866821,1.2288031578063965,0.0,1.2288031578063965,GBP
2019-10-08,1.2283201217651367,1.2200329303741455,1.2220755815505981,1.2219561338424683,0.0,1.2219561338424683,GBP
2019-10-09,1.238482117652893,1.220956563949585,1.2212696075439453,1.2212995290756226,0.0,1.2212995290756226,GBP
2019-10-10,1.2700347900390625,1.2430081367492676,1.2431625127792358,1.2433171272277832,0.0,1.2433171272277832,GBP
2019-10-13,1.2646702527999878,1.252219557762146,1.2610976696014404,1.261899709701538,0.0,1.261899709701538,GBP
2019-10-14,1.2789523601531982,1.260366439819336,1.2609069347381592,1.2611771821975708,0.0,1.2611771821975708,GBP
2019-10-15,1.286173701286316,1.2668169736862183,1.2759170532226562,1.2760635614395142,0.0,1.2760635614395142,GBP
2019-10-16,1.2978416681289673,1.2755752801895142,1.2820003032684326,1.2823801040649414,0.0,1.2823801040649414,GBP
2019-10-17,1.2914891242980957,1.2840760946273804,1.286699891090393,1.286860466003418,0.0,1.286860466003418,GBP
2019-10-20,1.3012700080871582,1.2890751361846924,1.29027259349823,1.2900229692459106,0.0,1.2900229692459106,GBP
2019-10-21,1.2988699674606323,1.28940749168396,1.2971514463424683,1.297168254852295,0.0,1.297168254852295,GBP
2019-10-22,1.2894906997680664,1.2842575311660767,1.2884771823883057,1.2884771823883057,0.0,1.2884771823883057,GBP
2019-10-23,1.294783353805542,1.2808033227920532,1.292089819908142,1.2923235893249512,0.0,1.2923235893249512,GBP
2019-10-24,1.286024808883667,1.280524492263794,1.284092664718628,1.2840267419815063,0.0,1.2840267419815063,GBP
2019-10-28,1.2875149250030518,1.2812299728393555,1.2828571796417236,1.283202886581421,0.0,1.283202886581421,GBP
2019-10-29,1.2904725074768066,1.280983805656433,1.2857435941696167,1.2857435941696167,0.0,1.2857435941696167,GBP
2019-10-30,1.2904558181762695,1.2858924865722656,1.2866700887680054,1.2866700887680054,0.0,1.2866700887680054,GBP
2019-10-31,1.2975385189056396,1.290289282798767,1.290289282798767,1.290172815322876,0.0,1.290172815322876,GBP
2019-11-01,1.2973533868789673,1.2934770584106445,1.2938618659973145,1.2939623594284058,0.0,1.2939623594284058,GBP
2019-11-04,1.2944984436035156,1.2901227474212646,1.2939958572387695,1.2937614917755127,0.0,1.2937614917755127,GBP
2019-11-05,1.2914557456970215,1.2861074209213257,1.2886930704116821,1.2891582250595093,0.0,1.2891582250595093,GBP
2019-11-06,1.2897733449935913,1.2867693901062012,1.2878299951553345,1.288062334060669,0.0,1.288062334060669,GBP
2019-11-07,1.287713885307312,1.27962327003479,1.2856611013412476,1.2856775522232056,0.0,1.2856775522232056,GBP
2019-11-08,1.2822155952453613,1.2769761085510254,1.2811479568481445,1.2779992818832397,0.0,1.2779992818832397,GBP
2019-11-11,1.2891747951507568,1.2786742448806763,1.2796560525894165,1.2796396017074585,0.0,1.2796396017074585,GBP
2019-11-12,1.2868356704711914,1.2817226648330688,1.2854461669921875,1.2858428955078125,0.0,1.2858428955078125,GBP
2019-11-13,1.2860082387924194,1.282495141029358,1.2853471040725708,1.285214900970459,0.0,1.285214900970459,GBP
2019-11-14,1.2891582250595093,1.2825939655303955,1.2851983308792114,1.2853800058364868,0.0,1.2853800058364868,GBP
2019-11-15,1.2917393445968628,1.2869184017181396,1.2882779836654663,1.2881784439086914,0.0,1.2881784439086914,GBP
2019-11-18,1.2982122898101807,1.2916558980941772,1.2919729948043823,1.2921231985092163,0.0,1.2921231985092163,GBP
2019-11-19,1.2971850633621216,1.2925406694412231,1.294967770576477,1.2950851917266846,0.0,1.2950851917266846,GBP
2019-11-20,1.2928917407989502,1.2891747951507568,1.2928917407989502,1.2929502725601196,0.0,1.2929502725601196,GBP
2019-11-21,1.2970168590545654,1.2900062799453735,1.2926911115646362,1.2927078008651733,0.0,1.2927078008651733,GBP
2019-11-22,1.2929919958114624,1.2826762199401855,1.291922926902771,1.2919896841049194,0.0,1.2919896841049194,GBP
2019-11-25,1.2913223505020142,1.284191608428955,1.2850992679595947,1.2853471040725708,0.0,1.2853471040725708,GBP
2019-11-26,1.2904890775680542,1.2838454246520996,1.2897567749023438,1.289723515510559,0.0,1.289723515510559,GBP
2019-11-27,1.2892745733261108,1.2828242778778076,1.2859255075454712,1.2860909700393677,0.0,1.2860909700393677,GBP
2019-11-28,1.2951691150665283,1.2901227474212646,1.2930755615234375,1.2929919958114624,0.0,1.2929919958114624,GBP
2019-11-29,1.2943308353424072,1.288195013999939,1.2910722494125366,1.29128897190094,0.0,1.29128897190094,GBP
2019-12-02,1.2943308353424072,1.2898067235946655,1.291122317314148,1.29128897190094,0.0,1.29128897190094,GBP
2019-12-03,1.3008129596710205,1.2931424379348755,1.2938451766967773,1.294062852859497,0.0,1.294062852859497,GBP
2019-12-04,1.311991572380066,1.2984483242034912,1.2996971607208252,1.2997816801071167,0.0,1.2997816801071167,GBP
2019-12-05,1.3166556358337402,1.3106160163879395,1.3110507726669312,1.311131477355957,0.0,1.311131477355957,GBP
2019-12-06,1.3165169954299927,1.310186743736267,1.3158587217330933,1.3158414363861084,0.0,1.3158414363861084,GBP
2019-12-09,1.3180439472198486,1.3137152194976807,1.314405918121338,1.3139568567276,0.0,1.3139568567276,GBP
2019-12-10,1.318878412246704,1.313456416130066,1.3145960569381714,1.314578652381897,0.0,1.314578652381897,GBP
2019-12-11,1.318704605102539,1.3113206624984741,1.313214898109436,1.3131287097930908,0.0,1.3131287097930908,GBP
2019-12-12,1.3229262828826904,1.3116475343704224,1.3200448751449585,1.3200099468231201,0.0,1.3200099468231201,GBP
2019-12-13,1.3509862422943115,1.3309553861618042,1.3476543426513672,1.347527265548706,0.0,1.347527265548706,GBP
2019-12-16,1.341705560684204,1.3326226472854614,1.3355236053466797,1.335327386856079,0.0,1.335327386856079,GBP
2019-12-17,1.3304948806762695,1.3104099035263062,1.327175259590149,1.3272457122802734,0.0,1.3272457122802734,GBP
2019-12-18,1.3125598430633545,1.3062334060668945,1.3122154474258423,1.3122154474258423,0.0,1.3122154474258423,GBP
2019-12-19,1.3129562139511108,1.2996634244918823,1.3084723949432373,1.3087291717529297,0.0,1.3087291717529297,GBP
2019-12-20,1.3078391551971436,1.3008298873901367,1.301642656326294,1.3017443418502808,0.0,1.3017443418502808,GBP
2019-12-23,1.3032541275024414,1.2907055616378784,1.300525426864624,1.3005423545837402,0.0,1.3005423545837402,GBP
2019-12-24,1.2969495058059692,1.292306900024414,1.2944481372833252,1.2944984436035156,0.0,1.2944984436035156,GBP
2019-12-25,1.2986996173858643,1.2923002243041992,1.2934937477111816,1.2934937477111816,0.0,1.2934937477111816,GBP
2019-12-26,1.301574945449829,1.296125888824463,1.2971850633621216,1.2973533868789673,0.0,1.2973533868789673,GBP
2019-12-27,1.3118194341659546,1.2972187995910645,1.3002886772155762,1.3002209663391113,0.0,1.3002209663391113,GBP
2019-12-30,1.3152703046798706,1.3087635040283203,1.3091404438018799,1.3091918230056763,0.0,1.3091918230056763,GBP
2019-12-31,1.3281975984573364,1.3109596967697144,1.3116475343704224,1.3113033771514893,0.0,1.3113033771514893,GBP
2020-01-01,1.3270995616912842,1.3218770027160645,1.3254003524780273,1.326259970664978,0.0,1.326259970664978,GBP
2020-01-02,1.3267878293991089,1.312508225440979,1.3250473737716675,1.3250298500061035,0.0,1.3250298500061035,GBP
2020-01-03,1.316118597984314,1.305483102798462,1.314388632774353,1.3152703046798706,0.0,1.3152703046798706,GBP
2020-01-06,1.3173998594284058,1.3065404891967773,1.3081300258636475,1.308010220527649,0.0,1.308010220527649,GBP
2020-01-07,1.3212134838104248,1.3096375465393066,1.3171932697296143,1.317002534866333,0.0,1.317002534866333,GBP
2020-01-08,1.3169505596160889,1.3082668781280518,1.311131477355957,1.31137216091156,0.0,1.31137216091156,GBP
2020-01-09,1.312456488609314,1.3015071153640747,1.3105816841125488,1.3105130195617676,0.0,1.3105130195617676,GBP
2020-01-10,1.309569001197815,1.3049379587173462,1.3069332838058472,1.3070186376571655,0.0,1.3070186376571655,GBP
2020-01-13,1.3046314716339111,1.2961931228637695,1.3043761253356934,1.3045634031295776,0.0,1.3045634031295776,GBP
2020-01-14,1.3018969297409058,1.2956725358963013,1.298770546913147,1.2988194227218628,0.0,1.2988194227218628,GBP
2020-01-15,1.3041210174560547,1.2989206314086914,1.3022528886795044,1.3022528886795044,0.0,1.3022528886795044,GBP
2020-01-16,1.3081642389297485,1.302897572517395,1.3041210174560547,1.3041210174560547,0.0,1.3041210174560547,GBP
2020-01-17,1.3115785121917725,1.3017781972885132,1.3077878952026367,1.3078734874725342,0.0,1.3078734874725342,GBP
2020-01-20,1.3009653091430664,1.2964787483215332,1.3007115125656128,1.3007283210754395,0.0,1.3007283210754395,GBP
2020-01-21,1.3084039688110352,1.2995991706848145,1.3007283210754395,1.3005592823028564,0.0,1.3005592823028564,GBP
2020-01-22,1.3149763345718384,1.3037809133529663,1.3046314716339111,1.3048017024993896,0.0,1.3048017024993896,GBP
2020-01-23,1.3151837587356567,1.3098434209823608,1.3147515058517456,1.3144749402999878,0.0,1.3144749402999878,GBP
2020-01-24,1.3160665035247803,1.3059945106506348,1.311991572380066,1.311991572380066,0.0,1.311991572380066,GBP
2020-01-27,1.3103067874908447,1.3051422834396362,1.306165099143982,1.3061821460723877,0.0,1.3061821460723877,GBP
2020-01-28,1.3068478107452393,1.2977573871612549,1.3059945106506348,1.3060115575790405,0.0,1.3060115575790405,GBP
2020-01-29,1.3031013011932373,1.2991230487823486,1.3024003505706787,1.3024563789367676,0.0,1.3024563789367676,GBP
2020-01-30,1.3109596967697144,1.2980438470840454,1.3022528886795044,1.3022021055221558,0.0,1.3022021055221558,GBP
2020-01-31,1.3196094036102295,1.3086265325546265,1.3086265325546265,1.3089004755020142,0.0,1.3089004755020142,GBP
2020-02-03,1.3183393478393555,1.3001364469528198,1.3180787563323975,1.31816565990448,0.0,1.31816565990448,GBP
2020-02-04,1.3042571544647217,1.2943978309631348,1.2997310161590576,1.2997479438781738,0.0,1.2997479438781738,GBP
2020-02-05,1.3070015907287598,1.2958570718765259,1.3031353950500488,1.3032711744308472,0.0,1.3032711744308472,GBP
2020-02-06,1.3000519275665283,1.2924071550369263,1.2997140884399414,1.2997140884399414,0.0,1.2997140884399414,GBP
2020-02-07,1.2955045700073242,1.2900062799453735,1.2930086851119995,1.2930254936218262,0.0,1.2930254936218262,GBP
2020-02-10,1.2948336601257324,1.2874155044555664,1.2888922691345215,1.2891582250595093,0.0,1.2891582250595093,GBP
2020-02-11,1.2968486547470093,1.289607048034668,1.2916558980941772,1.2918227910995483,0.0,1.2918227910995483,GBP
2020-02-12,1.2992074489593506,1.2953367233276367,1.2956557273864746,1.2956557273864746,0.0,1.2956557273864746,GBP
2020-02-13,1.3068649768829346,1.2945318222045898,1.2958570718765259,1.295756459236145,0.0,1.295756459236145,GBP
2020-02-14,1.306335687637329,1.3003901243209839,1.3044782876968384,1.3046824932098389,0.0,1.3046824932098389,GBP
2020-02-17,1.3053126335144043,1.300440788269043,1.305091142654419,1.3052955865859985,0.0,1.3052955865859985,GBP
2020-02-18,1.3049037456512451,1.2972524166107178,1.3005423545837402,1.3008975982666016,0.0,1.3008975982666016,GBP
2020-02-19,1.3021681308746338,1.292808175086975,1.299984335899353,1.3002209663391113,0.0,1.3002209663391113,GBP
2020-02-20,1.2930420637130737,1.2851488590240479,1.2928247451782227,1.2928247451782227,0.0,1.2928247451782227,GBP
2020-02-21,1.2976900339126587,1.2879626750946045,1.2881451845169067,1.2883278131484985,0.0,1.2883278131484985,GBP
2020-02-24,1.295499563217163,1.2888922691345215,1.295202612876892,1.29537034034729,0.0,1.29537034034729,GBP
2020-02-25,1.3017951250076294,1.2916558980941772,1.2925240993499756,1.292657732963562,0.0,1.292657732963562,GBP
2020-02-26,1.3010668754577637,1.2913223505020142,1.3002378940582275,1.3003394603729248,0.0,1.3003394603729248,GBP
2020-02-27,1.2945318222045898,1.2862563133239746,1.2907222509384155,1.2906889915466309,0.0,1.2906889915466309,GBP
2020-02-28,1.2918895483016968,1.2754452228546143,1.2889255285263062,1.2888922691345215,0.0,1.2888922691345215,GBP
2020-03-02,1.2851818799972534,1.2741937637329102,1.2805572748184204,1.2807048559188843,0.0,1.2807048559188843,GBP
2020-03-03,1.2837464809417725,1.275982141494751,1.2766337394714355,1.2767152786254883,0.0,1.2767152786254883,GBP
2020-03-04,1.2846039533615112,1.2771555185317993,1.2821171283721924,1.2820841073989868,0.0,1.2820841073989868,GBP
2020-03-05,1.2945822477340698,1.286173701286316,1.2872166633605957,1.2874983549118042,0.0,1.2874983549118042,GBP
2020-03-06,1.3049719333648682,1.294999599456787,1.294999599456787,1.295068383216858,0.0,1.295068383216858,GBP
2020-03-09,1.3199751377105713,1.3036450147628784,1.3096548318862915,1.3099292516708374,0.0,1.3099292516708374,GBP
2020-03-10,1.308832049369812,1.2934435606002808,1.3075313568115234,1.3075313568115234,0.0,1.3075313568115234,GBP
2020-03-11,1.2977406978607178,1.2855453491210938,1.2906889915466309,1.2909722328186035,0.0,1.2909722328186035,GBP
2020-03-12,1.2851818799972534,1.2542959451675415,1.2817555665969849,1.2818212509155273,0.0,1.2818212509155273,GBP
2020-03-13,1.2624987363815308,1.2400639057159424,1.2572765350341797,1.257023572921753,0.0,1.257023572921753,GBP
2020-03-16,1.2400332689285278,1.2222847938537598,1.2400332689285278,1.2399870157241821,0.0,1.2399870157241821,GBP
2020-03-17,1.2270541191101074,1.2009271383285522,1.2269337177276611,1.2266627550125122,0.0,1.2266627550125122,GBP
2020-03-18,1.213032841682434,1.1746463775634766,1.2116072177886963,1.2121652364730835,0.0,1.2121652364730835,GBP
2020-03-19,1.1788560152053833,1.1476839780807495,1.1611031293869019,1.1625338792800903,0.0,1.1625338792800903,GBP
2020-03-20,1.1924351453781128,1.148211121559143,1.1496366262435913,1.149438500404358,0.0,1.149438500404358,GBP
2020-03-23,1.171165943145752,1.148026466369629,1.1608604192733765,1.162304162979126,0.0,1.162304162979126,GBP
2020-03-24,1.1789672374725342,1.1583727598190308,1.1597833633422852,1.1595547199249268,0.0,1.1595547199249268,GBP
2020-03-25,1.1973179578781128,1.1647138595581055,1.1791479587554932,1.1792036294937134,0.0,1.1792036294937134,GBP
2020-03-26,1.213916301727295,1.1822566986083984,1.184413194656372,1.1851149797439575,0.0,1.1851149797439575,GBP
2020-03-27,1.237991452217102,1.215347409248352,1.2193337678909302,1.2200626134872437,0.0,1.2200626134872437,GBP
2020-03-29,1.2467273473739624,1.2319822311401367,1.2448649406433105,1.245319128036499,0.0,1.245319128036499,GBP
2020-03-30,1.2469450235366821,1.2267379760742188,1.2365524768829346,1.2371643781661987,0.0,1.2371643781661987,GBP
2020-03-31,1.2438429594039917,1.23350191116333,1.2411566972732544,1.2408487796783447,0.0,1.2408487796783447,GBP
2020-04-01,1.2465564012527466,1.235498309135437,1.238175392150879,1.238236665725708,0.0,1.238236665725708,GBP
2020-04-02,1.2394031286239624,1.2207329273223877,1.2391880750656128,1.2394952774047852,0.0,1.2394952774047852,GBP
2020-04-05,1.2327415943145752,1.2212845087051392,1.2219561338424683,1.2220158576965332,0.0,1.2220158576965332,GBP
2020-04-06,1.238236665725708,1.222045660018921,1.2234810590744019,1.2240501642227173,0.0,1.2240501642227173,GBP
2020-04-07,1.2418040037155151,1.2289540767669678,1.2337453365325928,1.2338672876358032,0.0,1.2338672876358032,GBP
2020-04-08,1.2475205659866333,1.2362467050552368,1.2391726970672607,1.23931086063385,0.0,1.23931086063385,GBP
2020-04-09,1.2488136291503906,1.2449579238891602,1.2459816932678223,1.2454850673675537,0.0,1.2454850673675537,GBP
2020-04-12,1.253337025642395,1.2455781698226929,1.2459040880203247,1.2461059093475342,0.0,1.2461059093475342,GBP
2020-04-13,1.2620844841003418,1.2511730194091797,1.2520345449447632,1.2523951530456543,0.0,1.2523951530456543,GBP
2020-04-14,1.262785792350769,1.244075059890747,1.262403130531311,1.26262629032135,0.0,1.26262629032135,GBP
2020-04-15,1.2526618242263794,1.241434097290039,1.2521913051605225,1.252097249031067,0.0,1.252097249031067,GBP
2020-04-16,1.2523167133331299,1.2408641576766968,1.2487823963165283,1.2487823963165283,0.0,1.2487823963165283,GBP
2020-04-19,1.2491568326950073,1.2418195009231567,1.248751163482666,1.248751163482666,0.0,1.248751163482666,GBP
2020-04-20,1.244400143623352,1.2263468503952026,1.2442454099655151,1.2442762851715088,0.0,1.2442762851715088,GBP
2020-04-21,1.2383134365081787,1.227596402168274,1.2302392721176147,1.2298610210418701,0.0,1.2298610210418701,GBP
2020-04-22,1.2415728569030762,1.23093581199646,1.2322555780410767,1.2323921918869019,0.0,1.2323921918869019,GBP
2020-04-23,1.237424612045288,1.2299668788909912,1.235315203666687,1.235223650932312,0.0,1.235223650932312,GBP
2020-04-26,1.2453765869140625,1.2361245155334473,1.2368583679199219,1.2366595268249512,0.0,1.2366595268249512,GBP
2020-04-27,1.251846432685852,1.2405717372894287,1.2422360181808472,1.2422668933868408,0.0,1.2422668933868408,GBP
2020-04-28,1.248626470565796,1.2390499114990234,1.2433944940567017,1.2435646057128906,0.0,1.2435646057128906,GBP
2020-04-29,1.2637752294540405,1.242992639541626,1.2469139099121094,1.2471472024917603,0.0,1.2471472024917603,GBP
2020-04-30,1.25809907913208,1.2504063844680786,1.25809907913208,1.2581465244293213,0.0,1.2581465244293213,GBP
2020-05-03,1.2468827962875366,1.240648627281189,1.2456557750701904,1.2454230785369873,0.0,1.2454230785369873,GBP
2020-05-04,1.2480343580245972,1.2422205209732056,1.2448184490203857,1.244555115699768,0.0,1.244555115699768,GBP
2020-05-05,1.2450199127197266,1.2337758541107178,1.2445240020751953,1.2444202899932861,0.0,1.2444202899932861,GBP
2020-05-06,1.2414649724960327,1.2269939184188843,1.2327415943145752,1.232559323310852,0.0,1.232559323310852,GBP
2020-05-07,1.2463544607162476,1.2357732057571411,1.2374093532562256,1.237593173980713,0.0,1.237593173980713,GBP
2020-05-10,1.2437810897827148,1.22857666015625,1.241634488105774,1.2417423725128174,0.0,1.2417423725128174,GBP
2020-05-11,1.237623691558838,1.2288635969161987,1.233228087425232,1.2333498001098633,0.0,1.2333498001098633,GBP
2020-05-12,1.2337453365325928,1.222195029258728,1.2253700494766235,1.2254902124404907,0.0,1.2254902124404907,GBP
2020-05-13,1.2241400480270386,1.2168854475021362,1.2239452600479126,1.224155068397522,0.0,1.224155068397522,GBP
2020-05-14,1.2238104343414307,1.2116365432739258,1.2233912944793701,1.2233912944793701,0.0,1.2233912944793701,GBP
2020-05-17,1.2224340438842773,1.208605170249939,1.208605170249939,1.2085760831832886,0.0,1.2085760831832886,GBP
2020-05-18,1.2269337177276611,1.2184869050979614,1.2202562093734741,1.2200031280517578,0.0,1.2200031280517578,GBP
2020-05-19,1.228697419166565,1.2223145961761475,1.2259409427642822,1.2255953550338745,0.0,1.2255953550338745,GBP
2020-05-20,1.224949836730957,1.218650221824646,1.2235409021377563,1.2236906290054321,0.0,1.2236906290054321,GBP
2020-05-21,1.2235409021377563,1.2163379192352295,1.2226134538650513,1.2223445177078247,0.0,1.2223445177078247,GBP
2020-05-24,1.2203902006149292,1.2165006399154663,1.2186651229858398,1.218605637550354,0.0,1.218605637550354,GBP
2020-05-25,1.2362773418426514,1.2198543548583984,1.2200478315353394,1.220137119293213,0.0,1.220137119293213,GBP
2020-05-26,1.234933853149414,1.2209415435791016,1.23350191116333,1.23350191116333,0.0,1.23350191116333,GBP
2020-05-27,1.23350191116333,1.2235409021377563,1.2263166904449463,1.2264822721481323,0.0,1.2264822721481323,GBP
2020-05-28,1.239218831062317,1.2293318510055542,1.2319670915603638,1.2321492433547974,0.0,1.2321492433547974,GBP
2020-05-31,1.2485017776489258,1.2345373630523682,1.2345373630523682,1.2347996234893799,0.0,1.2347996234893799,GBP
2020-06-01,1.2575452327728271,1.2479565143585205,1.248844861984253,1.248704433441162,0.0,1.248704433441162,GBP
2020-06-02,1.261304497718811,1.2554926872253418,1.2578933238983154,1.2581465244293213,0.0,1.2581465244293213,GBP
2020-06-03,1.2622278928756714,1.250156283378601,1.2574503421783447,1.2575136423110962,0.0,1.2575136423110962,GBP
2020-06-04,1.2729772329330444,1.2584314346313477,1.2602870464324951,1.2609069347381592,0.0,1.2609069347381592,GBP
2020-06-07,1.271876335144043,1.2628655433654785,1.2713911533355713,1.2725722789764404,0.0,1.2725722789764404,GBP
2020-06-08,1.2754939794540405,1.2626900672912598,1.273236632347107,1.2735283374786377,0.0,1.2735283374786377,GBP
2020-06-09,1.280032753944397,1.2707449197769165,1.2711325883865356,1.2711325883865356,0.0,1.2711325883865356,GBP
2020-06-10,1.2750385999679565,1.2624987363815308,1.2714234590530396,1.2710679769515991,0.0,1.2710679769515991,GBP
2020-06-11,1.2650861740112305,1.2523324489593506,1.2575610876083374,1.257703423500061,0.0,1.257703423500061,GBP
2020-06-14,1.2578458786010742,1.2456247806549072,1.2512356042861938,1.2508755922317505,0.0,1.2508755922317505,GBP
2020-06-15,1.2687134742736816,1.2560290098190308,1.2638230323791504,1.2637752294540405,0.0,1.2637752294540405,GBP
2020-06-16,1.2587324380874634,1.2514234781265259,1.2583839893341064,1.258510708808899,0.0,1.258510708808899,GBP
2020-06-17,1.2563287019729614,1.2404638528823853,1.2551618814468384,1.2552721500396729,0.0,1.2552721500396729,GBP
2020-06-18,1.2454850673675537,1.2350863218307495,1.2424829006195068,1.2426837682724,0.0,1.2426837682724,GBP
2020-06-21,1.2455006837844849,1.2337301969528198,1.2345526218414307,1.234811782836914,0.0,1.234811782836914,GBP
2020-06-22,1.2531641721725464,1.24337899684906,1.2499375343322754,1.250156283378601,0.0,1.250156283378601,GBP
2020-06-23,1.2543007135391235,1.2416961193084717,1.252803087234497,1.2524893283843994,0.0,1.2524893283843994,GBP
2020-06-24,1.2464165687561035,1.2393569946289062,1.2415112257003784,1.2412954568862915,0.0,1.2412954568862915,GBP
2020-06-25,1.2436883449554443,1.2317243814468384,1.2424211502075195,1.2425447702407837,0.0,1.2425447702407837,GBP
2020-06-28,1.2390038967132568,1.2254151105880737,1.234095573425293,1.2342174053192139,0.0,1.2342174053192139,GBP
2020-06-29,1.2392034530639648,1.2260010242462158,1.231072187423706,1.2310571670532227,0.0,1.2310571670532227,GBP
2020-06-30,1.2477384805679321,1.2360328435897827,1.2388657331466675,1.2389271259307861,0.0,1.2389271259307861,GBP
2020-07-01,1.2529758214950562,1.2461835145950317,1.2468206882476807,1.2464786767959595,0.0,1.2464786767959595,GBP
2020-07-02,1.248626470565796,1.244075059890747,1.2466963529586792,1.2466403245925903,0.0,1.2466403245925903,GBP
2020-07-05,1.2519874572753906,1.247676134109497,1.2477540969848633,1.247551679611206,0.0,1.247551679611206,GBP
2020-07-06,1.2590969800949097,1.2463854551315308,1.2494533061981201,1.249547004699707,0.0,1.249547004699707,GBP
2020-07-07,1.2600330114364624,1.25101637840271,1.2537927627563477,1.2542802095413208,0.0,1.2542802095413208,GBP
2020-07-08,1.2669453620910645,1.2602235078811646,1.2612725496292114,1.2613521814346313,0.0,1.2613521814346313,GBP
2020-07-09,1.26639986038208,1.2569130659103394,1.2606525421142578,1.2605094909667969,0.0,1.2605094909667969,GBP
2020-07-12,1.266640543937683,1.259303092956543,1.2626900672912598,1.2627506256103516,0.0,1.2627506256103516,GBP
2020-07-13,1.2559658288955688,1.24819016456604,1.2549728155136108,1.255177617073059,0.0,1.255177617073059,GBP
2020-07-14,1.2649741172790527,1.2564393281936646,1.2571184635162354,1.25692880153656,0.0,1.25692880153656,GBP
2020-07-15,1.262434959411621,1.252097249031067,1.2590335607528687,1.2591001987457275,0.0,1.2591001987457275,GBP
2020-07-16,1.257228970527649,1.2513452768325806,1.2560131549835205,1.2559500932693481,0.0,1.2559500932693481,GBP
2020-07-19,1.265934944152832,1.2519091367721558,1.257228970527649,1.2571184635162354,0.0,1.2571184635162354,GBP
2020-07-20,1.275136113166809,1.2652782201766968,1.2664639949798584,1.266175389289856,0.0,1.266175389289856,GBP
2020-07-21,1.2740801572799683,1.2645741701126099,1.2734473943710327,1.2730745077133179,0.0,1.2730745077133179,GBP
2020-07-22,1.275982141494751,1.2674272060394287,1.2730907201766968,1.2729934453964233,0.0,1.2729934453964233,GBP
2020-07-23,1.2794759273529053,1.2720056772232056,1.273058295249939,1.2730745077133179,0.0,1.2730745077133179,GBP
2020-07-26,1.2899564504623413,1.2798033952713013,1.2798033952713013,1.2795906066894531,0.0,1.2795906066894531,GBP
2020-07-27,1.2948838472366333,1.2841421365737915,1.288875699043274,1.2889753580093384,0.0,1.2889753580093384,GBP
2020-07-28,1.299376368522644,1.2912722826004028,1.292724609375,1.292373776435852,0.0,1.292373776435852,GBP
2020-07-29,1.3069844245910645,1.2945654392242432,1.2982629537582397,1.298246145248413,0.0,1.298246145248413,GBP
2020-07-30,1.3169677257537842,1.3106675148010254,1.3117506504058838,1.311785101890564,0.0,1.311785101890564,GBP
2020-08-02,1.3111659288406372,1.3005930185317993,1.3101009130477905,1.3101695775985718,0.0,1.3101695775985718,GBP
2020-08-03,1.3106331825256348,1.298419713973999,1.307805061340332,1.3078734874725342,0.0,1.3078734874725342,GBP
2020-08-04,1.3162050247192383,1.306045651435852,1.3086949586868286,1.3086093664169312,0.0,1.3086093664169312,GBP
2020-08-05,1.31851327419281,1.3119744062423706,1.3126977682113647,1.3126804828643799,0.0,1.3126804828643799,GBP
2020-08-06,1.3148033618927002,1.301168441772461,1.313439130783081,1.3138015270233154,0.0,1.3138015270233154,GBP
2020-08-09,1.3102039098739624,1.3019646406173706,1.3052955865859985,1.3052273988723755,0.0,1.3052273988723755,GBP
2020-08-10,1.3131287097930908,1.3057386875152588,1.3076168298721313,1.3077194690704346,0.0,1.3077194690704346,GBP
2020-08-11,1.3066771030426025,1.3007283210754395,1.305431842803955,1.3050740957260132,0.0,1.3050740957260132,GBP
2020-08-12,1.3121638298034668,1.3045003414154053,1.3049719333648682,1.3048017024993896,0.0,1.3048017024993896,GBP
2020-08-13,1.3141640424728394,1.3050740957260132,1.3070015907287598,1.3070528507232666,0.0,1.3070528507232666,GBP
2020-08-16,1.312129259109497,1.3074800968170166,1.3104442358016968,1.3107001781463623,0.0,1.3107001781463623,GBP
2020-08-17,1.324047327041626,1.3107191324234009,1.3107877969741821,1.3107877969741821,0.0,1.3107877969741821,GBP
2020-08-18,1.326735019683838,1.3173668384552002,1.3253107070922852,1.325398564338684,0.0,1.325398564338684,GBP
2020-08-19,1.3193656206130981,1.3066089153289795,1.310753345489502,1.311079978942871,0.0,1.311079978942871,GBP
2020-08-20,1.325486421585083,1.3064039945602417,1.3221566677093506,1.3220343589782715,0.0,1.3220343589782715,GBP
2020-08-23,1.3149243593215942,1.3064552545547485,1.3092775344848633,1.3094146251678467,0.0,1.3094146251678467,GBP
2020-08-24,1.3170545101165771,1.305977463722229,1.307206630706787,1.307138204574585,0.0,1.307138204574585,GBP
2020-08-25,1.3212482929229736,1.3118194341659546,1.3149243593215942,1.3152183294296265,0.0,1.3152183294296265,GBP
2020-08-26,1.327980637550354,1.3166730403900146,1.3218945264816284,1.3219819068908691,0.0,1.3219819068908691,GBP
2020-08-27,1.3353630304336548,1.3188261985778809,1.3199700117111206,1.3199577331542969,0.0,1.3199577331542969,GBP
2020-08-30,1.33931565284729,1.3302648067474365,1.335505723953247,1.3356484174728394,0.0,1.3356484174728394,GBP
2020-08-31,1.3480722904205322,1.3356484174728394,1.3365052938461304,1.3364516496658325,0.0,1.3364516496658325,GBP
2020-09-01,1.3401411771774292,1.3285329341888428,1.3400514125823975,1.339943766593933,0.0,1.339943766593933,GBP
2020-09-02,1.3349993228912354,1.3246963024139404,1.3349993228912354,1.335131287574768,0.0,1.335131287574768,GBP
2020-09-03,1.3318239450454712,1.317800760269165,1.3266997337341309,1.3262248039245605,0.0,1.3262248039245605,GBP
2020-09-06,1.3259083032608032,1.3143022060394287,1.3248367309570312,1.3245735168457031,0.0,1.3245735168457031,GBP
2020-09-07,1.3166556358337402,1.3012192249298096,1.316257119178772,1.3162224292755127,0.0,1.3162224292755127,GBP
2020-09-08,1.3017951250076294,1.2887262105941772,1.2967981100082397,1.2968486547470093,0.0,1.2968486547470093,GBP
2020-09-09,1.3033561706542969,1.284406065940857,1.2998830080032349,1.2999167442321777,0.0,1.2999167442321777,GBP
2020-09-10,1.2860082387924194,1.2765848636627197,1.281082272529602,1.2808295488357544,0.0,1.2808295488357544,GBP
2020-09-13,1.2915056943893433,1.2791976928710938,1.280983805656433,1.2806557416915894,0.0,1.2806557416915894,GBP
2020-09-14,1.2924906015396118,1.2817226648330688,1.28468656539917,1.2849671840667725,0.0,1.2849671840667725,GBP
2020-09-15,1.300576090812683,1.2878299951553345,1.2883278131484985,1.2884771823883057,0.0,1.2884771823883057,GBP
2020-09-16,1.299511432647705,1.2866535186767578,1.2961090803146362,1.2959998846054077,0.0,1.2959998846054077,GBP
2020-09-17,1.2999167442321777,1.2936609983444214,1.298414707183838,1.2975554466247559,0.0,1.2975554466247559,GBP
2020-09-20,1.2966132164001465,1.278159499168396,1.2933430671691895,1.2932761907577515,0.0,1.2932761907577515,GBP
2020-09-21,1.2865873575210571,1.2714072465896606,1.2816734313964844,1.2820513248443604,0.0,1.2820513248443604,GBP
2020-09-22,1.2775797843933105,1.2679574489593506,1.2743561267852783,1.2744048833847046,0.0,1.2744048833847046,GBP
2020-09-23,1.2774492502212524,1.2692770957946777,1.271795392036438,1.2717468738555908,0.0,1.2717468738555908,GBP
2020-09-24,1.28037691116333,1.269132137298584,1.2756567001342773,1.2757054567337036,0.0,1.2757054567337036,GBP
2020-09-27,1.2919062376022339,1.2753149271011353,1.2765392065048218,1.2766826152801514,0.0,1.2766826152801514,GBP
2020-09-28,1.2898732423782349,1.2836475372314453,1.287282943725586,1.2873492240905762,0.0,1.2873492240905762,GBP
2020-09-29,1.2939623594284058,1.2807868719100952,1.2865046262741089,1.2866535186767578,0.0,1.2866535186767578,GBP
2020-09-30,1.2980270385742188,1.2822978496551514,1.2918227910995483,1.2917560338974,0.0,1.2917560338974,GBP
2020-10-01,1.2951018810272217,1.2839607000350952,1.288560152053833,1.2886265516281128,0.0,1.2886265516281128,GBP
2020-10-04,1.298751950263977,1.2901561260223389,1.292808175086975,1.2931090593338013,0.0,1.2931090593338013,GBP
2020-10-05,1.3008975982666016,1.2923402786254883,1.2992074489593506,1.2992581129074097,0.0,1.2992581129074097,GBP
2020-10-06,1.2929251194000244,1.2850332260131836,1.2884771823883057,1.2883278131484985,0.0,1.2883278131484985,GBP
2020-10-07,1.2969328165054321,1.2896569967269897,1.2916558980941772,1.2917560338974,0.0,1.2917560338974,GBP
2020-10-08,1.3015071153640747,1.2926744222640991,1.293928861618042,1.29404616355896,0.0,1.29404616355896,GBP
2020-10-11,1.3079760074615479,1.3005592823028564,1.3029316663742065,1.3031693696975708,0.0,1.3031693696975708,GBP
2020-10-12,1.3067454099655151,1.2961931228637695,1.3065917491912842,1.3065747022628784,0.0,1.3065747022628784,GBP
2020-10-13,1.306267499923706,1.2866700887680054,1.293326497077942,1.2935272455215454,0.0,1.2935272455215454,GBP
2020-10-14,1.3029316663742065,1.2892578840255737,1.3014394044876099,1.3012362718582153,0.0,1.3012362718582153,GBP
2020-10-15,1.2961763143539429,1.2873326539993286,1.2903059720993042,1.2902060747146606,0.0,1.2902060747146606,GBP
2020-10-18,1.3022867441177368,1.2924906015396118,1.2927746772766113,1.2927746772766113,0.0,1.2927746772766113,GBP
2020-10-19,1.2977911233901978,1.2912722826004028,1.2946995496749878,1.2948671579360962,0.0,1.2948671579360962,GBP
2020-10-20,1.3171412944793701,1.2955213785171509,1.295706033706665,1.2954038381576538,0.0,1.2954038381576538,GBP
2020-10-21,1.3149935007095337,1.307172417640686,1.313111424446106,1.3131976127624512,0.0,1.3131976127624512,GBP
2020-10-22,1.3114409446716309,1.3022699356079102,1.3078391551971436,1.307805061340332,0.0,1.307805061340332,GBP
2020-10-26,1.307257890701294,1.299545168876648,1.3053637742996216,1.3054660558700562,0.0,1.3054660558700562,GBP
2020-10-27,1.3077878952026367,1.3002548217773438,1.3017274141311646,1.301574945449829,0.0,1.301574945449829,GBP
2020-10-28,1.3063528537750244,1.2918394804000854,1.3031693696975708,1.303186297416687,0.0,1.303186297416687,GBP
2020-10-29,1.3025243282318115,1.2883609533309937,1.29878568649292,1.2989881038665771,0.0,1.2989881038665771,GBP
2020-10-30,1.298751950263977,1.2900062799453735,1.2932093143463135,1.2931926250457764,0.0,1.2931926250457764,GBP
2020-11-02,1.294247031211853,1.2856775522232056,1.2927078008651733,1.2926744222640991,0.0,1.2926744222640991,GBP
2020-11-03,1.3077024221420288,1.291605830192566,1.2924004793167114,1.2923903465270996,0.0,1.2923903465270996,GBP
2020-11-04,1.3137669563293457,1.2917894124984741,1.313266634941101,1.3121638298034668,0.0,1.3121638298034668,GBP
2020-11-05,1.3132493495941162,1.2942638397216797,1.2961090803146362,1.2966804504394531,0.0,1.2966804504394531,GBP
2020-11-06,1.3175925016403198,1.3095518350601196,1.3138360977172852,1.3139395713806152,0.0,1.3139395713806152,GBP
2020-11-09,1.3205852508544922,1.3121638298034668,1.3179224729537964,1.318061351776123,0.0,1.318061351776123,GBP
2020-11-10,1.3276333808898926,1.3158761262893677,1.316759705543518,1.3169677257537842,0.0,1.3169677257537842,GBP
2020-11-11,1.329451322555542,1.3194352388381958,1.3261544704437256,1.3261544704437256,0.0,1.3261544704437256,GBP
2020-11-12,1.322873830795288,1.3125598430633545,1.3224014043807983,1.3224189281463623,0.0,1.3224189281463623,GBP
2020-11-13,1.318687081336975,1.311131477355957,1.3123877048492432,1.3121638298034668,0.0,1.3121638298034668,GBP
2020-11-16,1.3241876363754272,1.316863775253296,1.3219819068908691,1.3220518827438354,0.0,1.3220518827438354,GBP
2020-11-17,1.3271400928497314,1.319383144378662,1.3223140239715576,1.322209119796753,0.0,1.322209119796753,GBP
2020-11-18,1.3311147689819336,1.3245033025741577,1.3259258270263672,1.3259083032608032,0.0,1.3259083032608032,GBP
2020-11-19,1.3263497352600098,1.3199577331542969,1.3244857788085938,1.325644612312317,0.0,1.325644612312317,GBP
2020-11-20,1.3295574188232422,1.324959635734558,1.3250473737716675,1.3249244689941406,0.0,1.3249244689941406,GBP
2020-11-23,1.3397642374038696,1.326664686203003,1.3303357362747192,1.3305126428604126,0.0,1.3305126428604126,GBP
2020-11-24,1.3379716873168945,1.3295927047729492,1.332356333732605,1.332906723022461,0.0,1.332906723022461,GBP
2020-11-25,1.3393514156341553,1.3307074308395386,1.3362374305725098,1.3363267183303833,0.0,1.3363267183303833,GBP
2020-11-26,1.3398700952529907,1.3323030471801758,1.3384730815887451,1.3385447263717651,0.0,1.3385447263717651,GBP
2020-11-27,1.338114857673645,1.3295927047729492,1.335220456123352,1.3354523181915283,0.0,1.3354523181915283,GBP
2020-11-30,1.3381328582763672,1.3306366205215454,1.333066701889038,1.333191156387329,0.0,1.333191156387329,GBP
2020-12-01,1.3438512086868286,1.331912636756897,1.3337246179580688,1.3336889743804932,0.0,1.3336889743804932,GBP
2020-12-02,1.3441402912139893,1.329168677330017,1.342227816581726,1.3422638177871704,0.0,1.3422638177871704,GBP
2020-12-03,1.350001335144043,1.3354344367980957,1.337095022201538,1.3370771408081055,0.0,1.3370771408081055,GBP
2020-12-04,1.3537662029266357,1.341813564300537,1.3452612161636353,1.345496654510498,0.0,1.345496654510498,GBP
2020-12-07,1.343652606010437,1.3227407932281494,1.3415615558624268,1.3417415618896484,0.0,1.3417415618896484,GBP
2020-12-08,1.3384909629821777,1.329168677330017,1.3357020616531372,1.3357375860214233,0.0,1.3357375860214233,GBP
2020-12-09,1.3476543426513672,1.3362730741500854,1.3366482257843018,1.3365589380264282,0.0,1.3365589380264282,GBP
2020-12-10,1.3389569520950317,1.3249948024749756,1.3366659879684448,1.3367018699645996,0.0,1.3367018699645996,GBP
2020-12-11,1.3324999809265137,1.3136979341506958,1.3302295207977295,1.3305658102035522,0.0,1.3305658102035522,GBP
2020-12-14,1.3443751335144043,1.3293275833129883,1.3318239450454712,1.3318239450454712,0.0,1.3318239450454712,GBP
2020-12-15,1.3448632955551147,1.3285152912139893,1.3325392007827759,1.3330844640731812,0.0,1.3330844640731812,GBP
2020-12-16,1.3550136089324951,1.3435442447662354,1.3447601795196533,1.3444474935531616,0.0,1.3444474935531616,GBP
2020-12-17,1.3621937036514282,1.3496733903884888,1.3502929210662842,1.3502929210662842,0.0,1.3502929210662842,GBP
2020-12-18,1.3572388887405396,1.347472906112671,1.35694420337677,1.3570178747177124,0.0,1.3570178747177124,GBP
2020-12-21,1.3411837816238403,1.3192263841629028,1.3402670621871948,1.3401951789855957,0.0,1.3401951789855957,GBP
2020-12-22,1.3456594944000244,1.3309553861618042,1.3448271751403809,1.3449536561965942,0.0,1.3449536561965942,GBP
2020-12-23,1.3561345338821411,1.3372917175292969,1.3397462368011475,1.339943766593933,0.0,1.339943766593933,GBP
2020-12-24,1.3620266914367676,1.350712537765503,1.35111403465271,1.3505300283432007,0.0,1.3505300283432007,GBP
2020-12-25,1.3612998723983765,1.3515340089797974,1.3569625616073608,1.3552008867263794,0.0,1.3552008867263794,GBP
2020-12-28,1.3577731847763062,1.3435983657836914,1.357367753982544,1.3572388887405396,0.0,1.3572388887405396,GBP
2020-12-29,1.3520638942718506,1.3461849689483643,1.3465656042099,1.3466018438339233,0.0,1.3466018438339233,GBP
2020-12-30,1.361748456954956,1.3494548797607422,1.3497644662857056,1.3499903678894043,0.0,1.3499903678894043,GBP
2020-12-31,1.3684569597244263,1.3609329462051392,1.3629920482635498,1.36306631565094,0.0,1.36306631565094,GBP
2021-01-01,1.3690004348754883,1.3666000366210938,1.3690004348754883,1.3673007488250732,0.0,1.3673007488250732,GBP
